Date,contain10_1,contain10_2,aver_row1,aver_row2,aver_ball1,aver_ball2,same_level,all1_red_count,all1_count,less_order
20160515,False,False,0,0,0,0,0,0,0,0
20160517,False,False,0,0,0,0,0,0,0,0
20160519,False,False,0,0,0,0,0,0,0,0
20160522,False,False,0,0,0,0,0,0,0,0
20160524,False,False,0,0,0,0,0,0,0,0
20160526,False,False,0,0,0,0,0,0,0,0
20160529,False,False,0,0,0,0,0,0,0,0
20160531,False,False,0,0,0,0,0,0,0,0
20160602,False,False,0,0,0,0,0,0,0,0
20160605,False,False,0,0,0,0,0,0,0,0
20160607,False,False,0,0,0,0,0,0,0,0
20160609,False,False,0,0,0,0,0,0,0,0
20160612,False,False,0,0,0,0,0,0,0,0
20160614,False,False,0,0,0,0,0,0,0,0
20160616,False,False,0,0,0,0,0,0,0,0
20160619,False,False,0,0,0,0,0,0,0,0
20160621,False,False,0,0,0,0,0,0,0,0
20160623,False,False,0,0,0,0,0,0,0,0
20160626,False,False,0,0,0,0,0,0,0,0
20160628,False,True,0,0,0,0,0,1,3,0
20160630,False,False,0,0,0,0,0,2,3,0
20160703,False,False,0,0,0,0,0,2,2,0
20160705,True,True,0,0,0,0,1,4,7,0
20160707,False,True,0,0,0,0,1,3,6,0
20160710,True,False,0,0,0,0,1,3,6,0
20160712,True,True,0,0,0,0,0,3,5,0
20160714,False,False,0,0,0,0,0,2,4,0
20160717,False,True,0,0,0,0,0,1,1,0
20160719,True,True,0,0,0,0,0,1,6,0
20160721,True,True,0,0,0,0,0,3,5,0
20160724,False,True,0,0,0,0,0,0,0,0
20160726,True,True,0,0,0,0,1,4,5,0
20160728,True,True,0,0,0,0,0,2,5,0
20160731,False,False,0,0,0,0,0,1,2,0
20160802,False,False,0,0,0,0,0,2,4,0
20160804,True,False,0,0,0,0,0,1,1,0
20160807,True,False,0,0,0,0,1,4,7,0
20160809,True,True,0,0,0,0,0,3,4,0
20160811,True,True,0,0,0,0,1,5,6,0
20160814,False,False,0,0,0,0,0,1,1,0
20160816,False,False,0,0,0,0,0,2,2,0
20160818,False,True,0,0,0,0,0,1,3,0
20160821,True,True,0,0,0,0,0,2,3,0
20160823,True,False,0,0,0,0,0,1,2,0
20160825,False,False,0,0,0,0,0,0,0,0
20160828,False,False,0,0,0,0,0,1,2,0
20160830,False,True,0,0,0,0,0,1,3,0
20160901,True,True,0,0,0,0,1,2,5,0
20160904,True,True,0,0,0,0,1,2,6,0
20160906,True,False,0,0,0,0,1,2,5,0
20160908,False,False,0,0,0,0,0,4,4,0
20160911,True,False,0,0,0,0,1,3,7,0
20160913,False,False,0,0,0,0,0,1,1,0
20160915,False,False,0,0,0,0,1,2,3,0
20160918,False,False,0,0,0,0,0,0,0,0
20160920,False,False,0,0,0,0,0,1,2,0
20160922,True,True,0,0,0,0,0,2,5,0
20160925,True,True,0,0,0,0,0,2,4,0
20160927,False,False,0,0,0,0,0,1,1,0
20160929,True,False,0,0,0,0,0,2,6,0
20161002,False,False,0,0,0,0,0,1,2,0
20161004,False,False,0,0,0,0,0,0,0,0
20161006,True,False,0,0,0,0,0,3,5,0
20161009,False,False,0,0,0,0,0,0,0,0
20161011,False,False,0,0,0,0,0,1,2,0
20161013,False,True,0,0,0,0,0,2,6,0
20161016,False,True,0,0,0,0,0,2,3,0
20161018,True,False,0,0,0,0,0,3,4,0
20161020,True,True,0,0,0,0,1,4,4,0
20161023,False,False,0,0,0,0,0,1,1,0
20161025,False,False,0,0,0,0,0,0,0,0
20161027,False,True,0,0,0,0,0,0,0,0
20161030,True,True,0,0,0,0,0,2,5,0
20161101,True,True,0,0,0,0,1,2,10,0
20161103,False,False,0,0,0,0,0,1,2,0
20161106,False,True,0,0,0,0,1,2,3,0
20161108,True,True,0,0,0,0,0,1,2,0
20161110,False,False,0,0,0,0,0,1,2,0
20161113,False,False,0,0,0,0,0,0,0,0
20161115,False,True,0,0,0,0,0,1,2,0
20161117,False,False,0,0,0,0,0,2,3,0
20161120,True,True,0,0,0,0,1,3,5,0
20161122,False,False,0,0,0,0,0,2,3,0
20161124,True,False,0,0,0,0,0,2,3,0
20161127,True,True,0,0,0,0,0,3,4,0
20161129,False,False,0,0,0,0,0,1,6,0
20161201,True,True,0,0,0,0,0,3,5,0
20161204,False,False,0,0,0,0,0,2,2,0
20161206,False,True,0,0,0,0,0,1,4,0
20161208,False,False,0,0,0,0,0,2,2,0
20161211,False,False,0,0,0,0,0,3,5,0
20161213,False,False,0,0,0,0,0,0,0,0
20161215,False,False,0,0,0,0,0,1,1,0
20161218,False,False,0,0,0,0,0,0,0,0
20161220,False,False,0,0,0,0,0,1,1,0
20161222,True,True,0,0,0,0,1,4,7,0
20161225,False,False,0,0,0,0,0,1,1,0
20161227,True,False,0,0,0,0,0,3,6,0
20161229,False,True,0,0,0,0,0,3,4,0
20170101,False,True,0,0,0,0,0,2,4,0
20170103,True,True,0,0,0,0,0,1,1,0
20170105,False,False,0,0,0,0,0,2,3,0
20170108,False,False,0,0,0,0,0,0,0,0
20170110,False,False,0,0,0,0,0,0,0,0
20170112,True,False,0,0,0,0,1,3,8,0
20170115,False,True,0,0,0,0,0,2,2,0
20170117,True,True,0,0,0,0,0,2,2,0
20170119,True,True,0,0,0,0,1,3,4,0
20170122,True,True,0,0,0,0,1,2,5,0
20170124,True,True,0,0,0,0,1,4,8,0
20170126,True,True,0,0,0,0,1,3,4,0
20170205,True,False,0,0,0,0,1,2,6,0
20170207,False,False,0,0,0,0,0,1,2,0
20170209,True,True,0,0,0,0,1,4,10,0
20170212,True,True,0,0,0,0,0,3,6,0
20170214,False,False,0,0,0,0,0,1,2,0
20170216,False,False,0,0,0,0,1,2,6,0
20170219,True,True,0,0,0,0,0,2,6,0
20170221,False,False,0,0,0,0,0,2,4,0
20170223,False,False,0,0,0,0,0,1,1,0
20170226,False,False,0,0,0,0,0,0,0,0
20170228,False,False,0,0,0,0,0,1,2,0
20170302,True,True,0,0,0,0,1,3,4,0
20170305,False,False,0,0,0,0,0,3,4,0
20170307,False,False,0,0,0,0,0,2,2,0
20170309,False,True,0,0,0,0,0,1,2,0
20170312,False,False,0,0,0,0,0,3,3,0
20170314,False,False,0,0,0,0,0,2,2,0
20170316,False,True,0,0,0,0,0,2,2,0
20170319,False,True,0,0,0,0,0,3,3,0
20170321,False,False,0,0,0,0,1,3,5,0
20170323,True,True,0,0,0,0,0,2,5,0
20170326,False,False,0,0,0,0,0,2,6,0
20170328,False,True,0,0,0,0,0,2,2,0
20170330,False,False,0,0,0,0,0,1,1,0
20170402,False,False,0,0,0,0,0,2,3,0
20170404,True,True,0,0,0,0,0,2,2,0
20170406,True,True,0,0,0,0,1,5,11,0
20170409,False,True,0,0,0,0,0,1,2,0
20170411,True,True,0,0,0,0,0,1,7,0
20170413,True,False,0,0,0,0,0,3,4,0
20170416,False,False,0,0,0,0,0,0,0,0
20170418,False,False,0,0,0,0,0,2,2,0
20170420,False,False,0,0,0,0,0,0,0,0
20170423,True,False,0,0,0,0,0,2,4,0
20170425,True,False,0,0,0,0,0,2,8,0
20170427,True,True,0,0,0,0,0,4,9,0
20170430,False,False,0,0,0,0,0,1,3,0
20170502,True,True,0,0,0,0,0,2,4,0
20170504,True,True,0,0,0,0,1,4,9,0
20170507,True,True,0,0,0,0,0,2,4,0
20170509,True,True,0,0,0,0,1,3,10,0
20170511,False,False,0,0,0,0,0,3,7,0
20170514,False,True,0,0,0,0,0,1,1,0
20170516,False,False,0,0,0,0,1,2,2,0
20170518,False,False,0,0,0,0,0,0,0,0
20170521,False,False,0,0,0,0,0,3,5,0
20170523,True,False,0,0,0,0,1,3,8,0
20170525,True,False,0,0,0,0,1,2,3,0
20170528,False,False,0,0,0,0,0,2,4,0
20170530,False,False,0,0,0,0,0,0,0,0
20170601,False,False,0,0,0,0,0,2,2,0
20170604,False,False,0,0,0,0,0,1,2,0
20170606,False,False,0,0,0,0,0,2,4,0
20170608,True,False,0,0,0,0,0,2,6,0
20170611,True,True,0,0,0,0,1,3,8,0
20170613,False,False,0,0,0,0,0,1,1,0
20170615,False,True,0,0,0,0,0,1,2,0
20170618,False,False,0,0,0,0,0,1,1,0
20170620,False,False,0,0,0,0,0,1,2,0
20170622,False,False,0,0,0,0,0,2,6,0
20170625,False,False,0,0,0,0,1,3,6,0
20170627,False,False,0,0,0,0,0,1,1,0
20170629,False,False,0,0,0,0,0,3,4,0
20170702,True,False,0,0,0,0,1,3,17,0
20170704,False,False,0,0,0,0,0,2,3,0
20170706,True,True,0,0,0,0,0,2,4,0
20170709,False,False,0,0,0,0,0,3,4,0
20170711,True,True,0,0,0,0,0,2,2,0
20170713,False,True,0,0,0,0,0,4,6,0
20170716,True,False,0,0,0,0,0,1,2,0
20170718,True,False,0,0,0,0,0,3,5,0
20170720,True,False,0,0,0,0,0,2,6,0
20170723,False,False,0,0,0,0,1,2,6,0
20170725,True,False,0,0,0,0,1,4,6,0
20170727,False,False,0,0,0,0,0,3,4,0
20170730,False,True,0,0,0,0,0,4,4,0
20170801,False,False,0,0,0,0,0,0,0,0
20170803,False,False,0,0,0,0,0,0,0,0
20170806,True,True,0,0,0,0,0,3,3,0
20170808,True,True,0,0,0,0,1,3,13,0
20170810,False,True,0,0,0,0,0,2,3,0
20170813,True,False,0,0,0,0,0,3,5,0
20170815,True,True,0,0,0,0,0,3,4,0
20170817,False,True,0,0,0,0,0,1,1,0
20170820,True,True,0,0,0,0,0,3,6,0
20170822,False,False,0,0,0,0,1,2,4,0
20170824,True,True,0,0,0,0,0,4,5,0
20170827,False,False,0,0,0,0,0,2,2,0
20170829,False,False,0,0,0,0,0,0,0,0
20170831,True,False,0,0,0,0,0,2,4,0
20170903,False,False,0,0,0,0,0,1,1,0
20170905,False,False,0,0,0,0,0,2,3,0
20170907,True,False,0,0,0,0,1,4,6,0
20170910,False,False,0,0,0,0,0,2,2,0
20170912,False,False,0,0,0,0,0,1,2,0
20170914,True,False,0,0,0,0,1,4,8,0
20170917,False,True,0,0,0,0,0,3,4,0
20170919,False,True,0,0,0,0,0,3,5,0
20170921,True,True,0,0,0,0,0,2,2,0
20170924,False,True,0,0,0,0,0,1,1,0
20170926,True,False,0,0,0,0,0,3,9,0
20170928,False,False,0,0,0,0,0,1,2,0
20171001,False,False,0,0,0,0,0,1,7,0
20171003,False,False,0,0,0,0,0,2,2,0
20171005,True,False,0,0,0,0,0,2,4,0
20171008,True,False,0,0,0,0,0,2,4,0
20171010,False,True,0,0,0,0,1,3,7,0
20171012,False,False,0,0,0,0,0,2,3,0
20171015,False,False,0,0,0,0,0,0,0,0
20171017,False,False,0,0,0,0,1,2,2,0
20171019,False,False,0,0,0,0,0,2,6,0
20171022,False,True,0,0,0,0,0,3,4,0
20171024,False,True,0,0,0,0,0,3,5,0
20171026,False,False,0,0,0,0,0,1,1,0
20171029,False,False,0,0,0,0,0,1,1,0
20171031,False,True,0,0,0,0,0,0,0,0
20171102,False,False,0,0,0,0,0,2,3,0
20171105,False,True,0,0,0,0,0,3,3,0
20171107,False,False,0,0,0,0,0,3,3,0
20171109,False,False,0,0,0,0,0,2,3,0
20171112,False,False,0,0,0,0,0,1,1,0
20171114,True,False,0,0,0,0,0,2,4,0
20171116,False,False,0,0,0,0,0,0,0,0
20171119,False,True,0,0,0,0,1,3,7,0
20171121,False,False,0,0,0,0,0,2,4,0
20171123,False,False,0,0,0,0,0,1,1,0
20171126,False,True,0,0,0,0,0,1,2,0
20171128,False,True,0,0,0,0,0,1,1,0
20171130,False,False,0,0,0,0,0,2,2,0
20171203,False,True,0,0,0,0,0,2,3,0
20171205,True,False,0,0,0,0,0,3,6,0
20171207,False,True,0,0,0,0,0,1,4,0
20171210,True,True,0,0,0,0,0,2,3,0
20171212,False,True,0,0,0,0,0,1,1,0
20171214,False,False,0,0,0,0,0,2,5,0
20171217,False,False,0,0,0,0,0,2,4,0
20171219,False,False,0,0,0,0,0,2,5,0
20171221,False,True,0,0,0,0,0,3,4,0
20171224,True,False,0,0,0,0,0,3,8,0
20171226,False,True,0,0,0,0,0,2,2,0
20171228,True,True,0,0,0,0,0,2,3,0
20171231,False,False,0,0,0,0,0,2,5,0
20180102,False,False,0,0,0,0,0,2,2,0
20180104,True,True,0,0,0,0,0,2,5,0
20180107,False,False,0,0,0,0,0,0,0,0
20180109,False,False,0,0,0,0,0,2,3,0
20180111,True,False,0,0,0,0,0,2,6,0
20180114,True,True,0,0,0,0,0,2,6,0
20180116,False,False,0,0,0,0,0,3,3,0
20180118,True,True,0,0,0,0,0,4,8,0
20180121,False,False,0,0,0,0,0,1,2,0
20180123,False,False,0,0,0,0,0,4,4,0
20180125,False,False,0,0,0,0,0,1,5,0
20180128,True,True,0,0,0,0,0,3,4,0
20180130,False,False,0,0,0,0,0,1,1,0
20180201,True,True,0,0,0,0,1,4,7,0
20180204,False,False,0,0,0,0,0,1,1,0
20180206,True,True,0,0,0,0,0,2,3,0
20180208,False,False,0,0,0,0,0,0,0,0
20180211,False,False,0,0,0,0,0,1,1,0
20180213,False,False,0,0,0,0,0,3,4,0
20180222,True,True,0,0,0,0,0,4,8,0
20180225,False,False,0,0,0,0,0,2,3,0
20180227,False,False,0,0,0,0,0,2,3,0
20180301,True,True,0,0,0,0,0,2,3,0
20180304,False,False,0,0,0,0,1,2,6,0
20180306,False,False,0,0,0,0,0,2,4,0
20180308,False,True,0,0,0,0,0,2,4,0
20180311,False,False,0,0,0,0,0,1,1,0
20180313,False,True,0,0,0,0,0,2,2,0
20180315,True,True,0,0,0,0,0,3,4,0
20180318,True,True,0,0,0,0,0,3,5,0
20180320,False,True,0,0,0,0,0,0,0,0
20180322,False,True,0,0,0,0,0,0,0,0
20180325,False,False,0,0,0,0,0,2,4,0
20180327,False,False,0,0,0,0,0,1,1,0
20180329,False,True,0,0,0,0,0,1,1,0
20180401,False,False,0,0,0,0,1,2,6,0
20180403,False,False,0,0,0,0,0,1,4,0
20180405,True,False,0,0,0,0,1,3,6,0
20180408,False,True,0,0,0,0,0,1,1,0
20180410,False,False,0,0,0,0,0,1,1,0
20180412,False,True,0,0,0,0,0,0,0,0
20180415,True,True,0,0,0,0,0,2,7,0
20180417,True,False,0,0,0,0,0,2,4,0
20180419,False,True,0,0,0,0,0,2,2,0
20180422,True,False,0,0,0,0,0,2,2,0
20180424,True,True,0,0,0,0,1,4,9,0
20180426,False,False,0,0,0,0,0,2,2,0
20180429,False,False,0,0,0,0,0,1,1,0
20180501,False,True,0,0,0,0,0,2,4,0
20180503,False,True,0,0,0,0,0,1,1,0
20180506,False,False,0,0,0,0,0,2,2,0
20180508,False,False,0,0,0,0,1,3,4,0
20180510,True,False,0,0,0,0,0,4,8,0
20180513,True,False,0,0,0,0,0,2,7,0
20180515,True,True,0,0,0,0,0,2,2,0
20180517,False,False,0,0,0,0,0,0,0,0
20180520,True,True,0,0,0,0,1,3,8,0
20180522,False,False,0,0,0,0,0,1,1,0
20180524,True,False,0,0,0,0,0,2,7,0
20180527,True,False,0,0,0,0,0,3,8,0
20180529,True,True,0,0,0,0,0,1,4,0
20180531,False,True,0,0,0,0,0,1,2,0
20180603,False,False,0,0,0,0,0,0,0,0
20180605,False,False,0,0,0,0,0,0,0,0
20180607,False,False,0,0,0,0,0,3,5,0
20180610,False,True,0,0,0,0,0,1,1,0
20180612,False,False,0,0,0,0,0,2,7,0
20180614,True,False,0,0,0,0,1,3,7,0
20180617,True,True,0,0,0,0,0,1,2,0
20180619,False,True,0,0,0,0,0,2,6,0
20180621,True,False,0,0,0,0,0,2,5,0
20180624,False,False,0,0,0,0,0,2,4,0
20180626,False,True,0,0,0,0,0,2,3,0
20180628,False,False,0,0,0,0,0,2,9,0
20180701,False,True,0,0,0,0,0,3,7,0
20180703,True,True,0,0,0,0,0,2,3,0
20180705,True,True,0,0,0,0,1,5,10,0
20180708,True,True,0,0,0,0,0,2,2,0
20180710,True,True,0,0,0,0,0,2,2,0
20180712,True,False,0,0,0,0,0,2,6,0
20180715,False,False,0,0,0,0,1,2,3,0
20180717,True,False,0,0,0,0,1,4,13,0
20180719,False,False,0,0,0,0,0,2,2,0
20180722,True,True,0,0,0,0,1,3,8,0
20180724,True,False,0,0,0,0,1,2,5,0
20180726,False,False,0,0,0,0,0,0,0,0
20180729,False,False,0,0,0,0,0,2,2,0
20180731,False,False,0,0,0,0,1,2,4,0
20180802,True,True,0,0,0,0,0,4,7,0
20180805,True,False,0,0,0,0,1,3,7,0
20180807,False,False,0,0,0,0,0,3,3,0
20180809,True,True,0,0,0,0,0,2,5,0
20180812,True,True,0,0,0,0,1,3,8,0
20180814,True,False,0,0,0,0,1,3,13,0
20180816,False,False,0,0,0,0,0,0,0,0
20180819,False,False,0,0,0,0,0,1,3,0
20180821,False,False,0,0,0,0,0,2,2,0
20180823,False,False,0,0,0,0,1,3,3,0
20180826,True,False,0,0,0,0,0,2,4,0
20180828,False,False,0,0,0,0,1,2,3,0
20180830,False,False,0,0,0,0,0,1,1,0
20180902,False,False,0,0,0,0,0,4,5,0
20180904,True,True,0,0,0,0,0,2,3,0
20180906,False,False,0,0,0,0,0,1,2,0
20180909,True,True,0,0,0,0,1,4,8,0
20180911,True,True,0,0,0,0,1,3,9,0
20180913,False,False,0,0,0,0,0,1,4,0
20180916,False,True,0,0,0,0,0,2,3,0
20180918,False,False,0,0,0,0,0,2,3,0
20180920,False,False,0,0,0,0,0,3,3,0
20180923,True,True,0,0,0,0,0,3,5,0
20180925,False,False,0,0,0,0,0,1,1,0
20180927,False,True,0,0,0,0,0,3,3,0
20180930,False,False,0,0,0,0,0,2,2,0
20181002,True,False,0,0,0,0,1,3,4,0
20181004,False,False,0,0,0,0,0,1,1,0
20181007,True,True,0,0,0,0,0,2,3,0
20181009,True,False,0,0,0,0,0,1,2,0
20181011,True,True,0,0,0,0,0,2,4,0
20181014,True,False,0,0,0,0,1,2,7,0
20181016,True,True,0,0,0,0,0,2,2,0
20181018,False,False,0,0,0,0,0,2,6,0
20181021,False,True,0,0,0,0,0,2,2,0
20181023,True,False,0,0,0,0,1,3,10,0
20181025,True,False,0,0,0,0,1,3,11,0
20181028,True,False,0,0,0,0,0,3,4,0
20181030,False,False,0,0,0,0,0,1,2,0
20181101,False,True,0,0,0,0,0,0,0,0
20181104,False,True,0,0,0,0,0,4,4,0
20181106,True,False,0,0,0,0,0,3,5,0
20181108,True,True,0,0,0,0,0,3,3,0
20181111,True,False,0,0,0,0,0,4,8,0
20181113,False,False,0,0,0,0,1,4,8,0
20181115,False,False,0,0,0,0,0,2,3,0
20181118,True,False,0,0,0,0,0,3,4,0
20181120,False,False,0,0,0,0,0,1,2,0
20181122,False,False,0,0,0,0,0,4,7,0
20181125,False,False,0,0,0,0,0,1,2,0
20181127,False,False,0,0,0,0,0,1,1,0
20181129,False,False,0,0,0,0,0,2,2,0
20181202,False,False,0,0,0,0,0,2,3,0
20181204,True,False,0,0,0,0,0,2,3,0
20181206,False,False,0,0,0,0,1,2,5,0
20181209,False,False,0,0,0,0,0,1,1,0
20181211,False,False,0,0,0,0,0,1,1,0
20181213,False,True,0,0,0,0,0,2,3,0
20181216,False,False,0,0,0,0,0,2,3,0
20181218,True,True,0,0,0,0,0,1,3,0
20181220,True,True,0,0,0,0,0,5,7,0
20181223,True,True,0,0,0,0,1,3,4,0
20181225,True,True,0,0,0,0,1,3,7,0
20181227,True,True,0,0,0,0,0,4,7,0
20181230,False,False,0,0,0,0,1,2,4,0
20190101,False,False,0,0,0,0,0,3,5,0
20190103,True,True,0,0,0,0,1,6,10,0
20190106,False,False,0,0,0,0,0,0,0,0
20190108,True,False,0,0,0,0,0,3,3,0
20190110,False,False,0,0,0,0,0,1,2,0
20190113,True,False,0,0,0,0,0,2,4,0
20190115,True,False,0,0,0,0,0,3,5,0
20190117,False,False,0,0,0,0,0,2,4,0
20190120,False,False,0,0,0,0,0,1,1,0
20190122,True,True,0,0,0,0,1,2,9,0
20190124,False,True,0,0,0,0,0,2,2,0
20190127,False,False,0,0,0,0,0,1,1,0
20190129,True,False,0,0,0,0,0,2,2,0
20190131,False,False,0,0,0,0,0,3,4,0
20190203,True,False,0,0,0,0,0,3,5,0
20190212,False,False,0,0,0,0,0,2,5,0
20190214,True,True,0,0,0,0,0,3,4,0
20190217,True,True,0,0,0,0,0,2,6,0
20190219,True,True,0,0,0,0,0,1,3,0
20190221,True,True,0,0,0,0,0,2,2,0
20190224,True,False,0,0,0,0,0,3,6,0
20190226,False,False,0,0,0,0,0,2,2,0
20190228,False,False,0,0,0,0,0,1,6,0
20190303,True,False,0,0,0,0,1,3,9,0
20190305,False,False,0,0,0,0,0,1,1,0
20190307,True,False,0,0,0,0,0,2,2,0
20190310,False,False,0,0,0,0,0,2,2,0
20190312,True,True,0,0,0,0,0,2,7,0
20190314,False,False,0,0,0,0,0,1,1,0
20190317,True,True,0,0,0,0,0,3,5,0
20190319,False,False,0,0,0,0,0,1,3,0
20190321,True,True,0,0,0,0,0,4,11,0
20190324,True,False,0,0,0,0,0,4,7,0
20190326,False,True,0,0,0,0,0,1,3,0
20190328,False,False,0,0,0,0,0,3,5,0
20190331,False,False,0,0,0,0,0,1,1,0
20190402,False,True,0,0,0,0,0,2,2,0
20190404,True,False,0,0,0,0,0,1,5,0
20190407,False,False,0,0,0,0,0,1,1,0
20190409,True,True,0,0,0,0,0,3,5,0
20190411,False,True,0,0,0,0,0,2,4,0
20190414,True,True,0,0,0,0,0,2,2,0
20190416,False,False,0,0,0,0,0,2,2,0
20190418,True,True,0,0,0,0,0,1,1,0
20190421,False,False,0,0,0,0,0,0,0,0
20190423,False,False,0,0,0,0,0,2,3,0
20190425,False,False,0,0,0,0,0,1,1,0
20190428,True,False,0,0,0,0,0,3,3,0
20190430,False,False,0,0,0,0,0,2,2,0
20190502,True,True,0,0,0,0,1,2,12,0
20190505,True,True,0,0,0,0,1,4,5,0
20190507,True,True,0,0,0,0,1,4,8,0
20190509,False,False,0,0,0,0,0,3,3,0
20190512,True,True,0,0,0,0,0,2,2,0
20190514,False,False,0,0,0,0,0,1,2,0
20190516,True,True,0,0,0,0,0,3,8,0
20190519,True,True,0,0,0,0,0,2,4,0
20190521,False,False,0,0,0,0,0,1,1,0
20190523,True,False,0,0,0,0,0,2,9,0
20190526,True,False,0,0,0,0,0,3,8,0
20190528,True,True,0,0,0,0,0,2,3,0
20190530,False,True,0,0,0,0,0,0,0,0
20190602,False,True,0,0,0,0,0,3,5,0
20190604,False,False,0,0,0,0,0,3,4,0
20190606,False,False,0,0,0,0,0,1,1,0
20190609,False,False,0,0,0,0,0,1,1,0
20190611,False,True,0,0,0,0,0,3,5,0
20190613,False,False,0,0,0,0,0,2,3,0
20190616,False,False,0,0,0,0,0,2,2,0
20190618,True,False,0,0,0,0,0,1,2,0
20190620,True,True,0,0,0,0,0,4,9,0
20190623,False,False,0,0,0,0,0,2,6,0
20190625,False,False,0,0,0,0,0,2,2,0
20190627,False,False,0,0,0,0,0,2,3,0
20190630,False,False,0,0,0,0,1,3,3,0
20190702,False,False,0,0,0,0,0,2,2,0
20190704,False,False,0,0,0,0,0,1,1,0
20190707,True,True,0,0,0,0,0,2,3,0
20190709,False,False,0,0,0,0,0,3,7,0
20190711,False,False,0,0,0,0,0,3,5,0
20190714,False,True,0,0,0,0,1,2,2,0
20190716,True,True,0,0,0,0,0,2,2,0
20190718,True,False,0,0,0,0,0,2,2,0
20190721,False,False,0,0,0,0,0,2,6,0
20190723,False,True,0,0,0,0,0,2,3,0
20190725,False,False,0,0,0,0,0,0,0,0
20190728,True,False,0,0,0,0,1,4,7,0
20190730,False,False,0,0,0,0,0,2,2,0
20190801,True,False,0,0,0,0,0,3,5,0
20190804,True,False,0,0,0,0,1,3,3,0
20190806,False,False,0,0,0,0,0,3,7,0
20190808,True,False,0,0,0,0,0,1,1,0
20190811,True,True,0,0,0,0,0,3,4,0
20190813,True,False,0,0,0,0,0,3,3,0
20190815,False,False,0,0,0,0,0,4,4,0
20190818,True,False,0,0,0,0,0,3,3,0
20190820,False,True,0,0,0,0,0,1,1,0
20190822,False,True,0,0,0,0,0,2,2,0
20190825,False,False,0,0,0,0,0,2,4,0
20190827,True,True,0,0,0,0,0,3,7,0
20190829,False,False,0,0,0,0,0,1,2,0
20190901,False,False,0,0,0,0,0,1,1,0
20190903,True,False,0,0,0,0,0,3,6,0
20190905,False,False,0,0,0,0,0,3,3,0
20190908,False,True,0,0,0,0,0,0,0,0
20190910,False,True,0,0,0,0,0,2,2,0
20190912,False,False,0,0,0,0,0,3,3,0
20190915,False,False,0,0,0,0,0,1,3,0
20190917,True,True,0,0,0,0,0,4,5,0
20190919,False,False,0,0,0,0,0,2,3,0
20190922,False,True,0,0,0,0,0,0,0,0
20190924,True,False,0,0,0,0,0,2,4,0
20190926,True,False,0,0,0,0,0,2,8,0
20190929,True,False,0,0,0,0,0,2,6,0
20191008,True,False,0,0,0,0,0,4,6,0
20191010,False,False,0,0,0,0,0,3,3,0
20191013,False,False,0,0,0,0,0,2,2,0
20191015,True,False,0,0,0,0,1,3,7,0
20191017,False,False,0,0,0,0,0,2,3,0
20191020,False,False,0,0,0,0,0,0,0,0
20191022,False,False,0,0,0,0,0,0,0,0
20191024,True,True,0,0,0,0,0,2,3,0
20191027,True,False,0,0,0,0,0,3,3,0
20191029,False,False,0,0,0,0,1,2,7,0
20191031,False,True,0,0,0,0,0,0,0,0
20191103,False,False,0,0,0,0,0,3,4,0
20191105,False,False,0,0,0,0,0,3,4,0
20191107,True,False,0,0,0,0,0,3,5,0
20191110,True,True,0,0,0,0,1,4,9,0
20191112,True,False,0,0,0,0,0,2,5,0
20191114,True,False,0,0,0,0,0,3,9,0
20191117,True,True,0,0,0,0,0,3,7,0
20191119,False,False,0,0,0,0,0,1,1,0
20191121,True,True,0,0,0,0,0,3,10,0
20191124,False,False,0,0,0,0,1,2,2,0
20191126,True,True,0,0,0,0,0,2,4,0
20191128,False,False,0,0,0,0,0,2,4,0
20191201,False,False,0,0,0,0,0,1,1,0
20191203,True,True,0,0,0,0,0,1,2,0
20191205,True,False,0,0,0,0,0,4,14,0
20191208,True,True,0,0,0,0,0,3,7,0
20191210,True,True,0,0,0,0,1,3,7,0
20191212,False,False,0,0,0,0,0,1,1,0
20191215,False,False,0,0,0,0,0,1,1,0
20191217,False,False,0,0,0,0,0,1,1,0
20191219,True,False,0,0,0,0,0,2,4,0
20191222,True,False,0,0,0,0,0,1,5,0
20191224,True,True,0,0,0,0,0,3,4,0
20191226,False,False,0,0,0,0,0,2,2,0
20191229,False,False,0,0,0,0,0,2,5,0
20191231,True,True,0,0,0,0,0,3,5,0
20200102,True,True,0,0,0,0,0,2,4,0
20200105,True,True,0,0,0,0,0,3,5,0
20200107,True,False,0,0,0,0,0,2,6,0
20200109,False,False,0,0,0,0,0,0,0,0
20200112,False,True,0,0,0,0,0,0,0,0
20200114,True,True,0,0,0,0,0,4,9,0
20200116,False,False,0,0,0,0,0,1,4,0
20200119,False,True,0,0,0,0,0,2,4,0
20200121,False,False,0,0,0,0,0,1,1,0
20200312,True,True,0,0,0,0,0,3,4,0
20200315,True,True,0,0,0,0,0,4,6,0
20200317,False,False,0,0,0,0,0,2,2,0
20200319,False,False,0,0,0,0,0,3,4,0
20200322,False,False,0,0,0,0,0,1,1,0
20200324,True,False,0,0,0,0,0,3,6,0
20200326,True,True,0,0,0,0,0,3,4,0
20200329,True,False,0,0,0,0,0,2,6,0
20200331,False,False,0,0,0,0,0,2,2,0
20200402,True,True,0,0,0,0,0,4,7,0
20200405,False,False,0,0,0,0,0,0,0,0
20200407,False,True,0,0,0,0,0,1,1,0
20200409,False,True,0,0,0,0,0,3,3,0
20200412,False,True,0,0,0,0,0,3,7,0
20200414,False,True,0,0,0,0,0,2,3,0
20200416,False,True,0,0,0,0,0,1,3,0
20200419,False,False,0,0,0,0,0,1,7,0
20200421,True,False,0,0,0,0,0,3,5,0
20200423,True,False,0,0,0,0,0,2,9,0
20200426,False,False,0,0,0,0,0,2,2,0
20200428,True,True,0,0,0,0,1,2,2,0
20200430,True,False,0,0,0,0,1,3,9,0
20200503,True,False,0,0,0,0,0,3,6,0
20200505,False,False,0,0,0,0,0,2,2,0
20200507,False,False,0,0,0,0,0,1,4,0
20200510,True,False,0,0,0,0,0,4,5,0
20200512,False,True,0,0,0,0,1,4,6,0
20200514,True,False,0,0,0,0,0,3,8,0
20200517,False,False,0,0,0,0,0,3,4,0
20200519,True,True,0,0,0,0,0,2,5,0
20200521,False,False,0,0,0,0,0,1,1,0
20200524,True,True,0,0,0,0,0,2,3,0
20200526,False,True,0,0,0,0,0,2,3,0
20200528,False,True,0,0,0,0,0,1,6,0
20200531,True,True,0,0,0,0,0,2,2,0
20200602,False,False,0,0,0,0,0,2,2,0
20200604,True,False,0,0,0,0,0,2,3,0
20200607,True,False,0,0,0,0,0,1,3,0
20200609,False,False,0,0,0,0,0,3,5,0
20200611,True,False,0,0,0,0,0,2,3,0
20200614,False,False,0,0,0,0,0,1,1,0
20200616,True,True,0,0,0,0,0,3,6,0
20200618,False,False,0,0,0,0,0,1,2,0
20200621,True,True,0,0,0,0,0,1,5,0
20200623,True,False,0,0,0,0,0,2,7,0
20200625,False,True,0,0,0,0,0,3,4,0
20200628,False,False,0,0,0,0,0,1,1,0
20200630,False,False,0,0,0,0,0,1,1,0
20200702,False,False,0,0,0,0,0,1,2,0
20200705,False,False,0,0,0,0,0,2,3,0
20200707,True,True,0,0,0,0,0,3,4,0
20200709,True,True,0,0,0,0,0,2,2,0
20200712,False,True,0,0,0,0,0,1,1,0
20200714,False,False,0,0,0,0,0,0,0,0
20200716,False,False,0,0,0,0,0,3,6,0
20200719,True,True,0,0,0,0,0,2,2,0
20200721,True,False,0,0,0,0,0,2,3,0
20200723,True,False,0,0,0,0,0,3,6,0
20200726,False,False,0,0,0,0,0,0,0,0
20200728,True,True,0,0,0,0,0,3,4,0
20200730,False,False,0,0,0,0,1,2,3,0
20200802,False,True,0,0,0,0,0,2,2,0
20200804,False,False,0,0,0,0,0,1,1,0
20200806,False,True,0,0,0,0,0,2,3,0
20200809,False,False,0,0,0,0,1,3,5,0
20200811,True,True,0,0,0,0,0,2,4,0
20200813,False,True,0,0,0,0,0,1,2,0
20200816,False,False,0,0,0,0,0,1,4,0
20200818,False,False,0,0,0,0,0,2,7,0
20200820,False,False,0,0,0,0,0,1,4,0
20200823,False,False,0,0,0,0,0,1,2,0
20200825,True,True,0,0,0,0,0,2,4,0
20200827,False,False,0,0,0,0,0,2,2,0
20200830,False,False,0,0,0,0,0,2,4,0
20200901,False,True,0,0,0,0,0,2,3,0
20200903,False,False,0,0,0,0,0,2,2,0
20200906,True,True,0,0,0,0,0,2,5,0
20200908,False,False,0,0,0,0,0,0,0,0
20200910,False,False,0,0,0,0,0,1,1,0
20200913,False,True,0,0,0,0,0,1,1,0
20200915,False,False,0,0,0,0,0,0,0,0
20200917,False,False,0,0,0,0,0,1,1,0
20200920,False,False,0,0,0,0,0,1,1,0
20200922,True,True,0,0,0,0,0,5,7,0
20200924,False,True,0,0,0,0,0,2,2,0
20200927,True,True,0,0,0,0,0,1,1,0
20200929,False,False,0,0,0,0,0,0,0,0
20201006,False,False,0,0,0,0,0,1,3,0
20201008,False,False,0,0,0,0,0,2,3,0
20201011,False,False,0,0,0,0,0,3,7,0
20201013,False,False,0,0,0,0,0,0,0,0
20201015,True,True,0,0,0,0,0,2,5,0
20201018,True,True,0,0,0,0,1,3,6,0
20201020,True,True,0,0,0,0,0,3,7,0
20201022,True,True,0,0,0,0,0,3,3,0
20201025,True,True,0,0,0,0,1,4,5,0
20201027,False,False,0,0,0,0,0,2,2,0
20201029,True,False,0,0,0,0,1,4,8,0
20201101,False,False,0,0,0,0,0,1,1,0
20201103,False,False,0,0,0,0,0,1,1,0
20201105,False,True,0,0,0,0,0,3,5,0
20201108,True,True,0,0,0,0,0,1,1,0
20201110,False,False,0,0,0,0,0,1,2,0
20201112,False,False,0,0,0,0,0,2,2,0
20201115,False,False,0,0,0,0,0,2,4,0
20201117,False,False,0,0,0,0,0,1,6,0
20201119,True,True,0,0,0,0,0,4,8,0
20201122,False,True,0,0,0,0,0,2,4,0
20201124,False,False,0,0,0,0,0,1,2,0
20201126,False,False,0,0,0,0,0,0,0,0
20201129,True,True,0,0,0,0,1,4,9,0
20201201,False,False,0,0,0,0,0,3,4,0
20201203,False,True,0,0,0,0,0,2,2,0
20201206,False,False,0,0,0,0,0,1,2,0
20201208,True,True,0,0,0,0,0,2,4,0
20201210,False,False,0,0,0,0,0,1,1,0
20201213,False,True,0,0,0,0,0,4,6,0
20201215,True,True,0,0,0,0,0,1,1,0
20201217,False,False,0,0,0,0,0,1,1,0
20201220,True,True,0,0,0,0,0,2,4,0
20201222,False,True,0,0,0,0,0,1,1,0
20201224,False,False,0,0,0,0,0,2,2,0
20201227,True,False,0,0,0,0,0,3,9,0
20201229,False,True,0,0,0,0,0,4,4,0
20201231,False,False,0,0,0,0,0,5,5,0
20210103,False,False,0,0,0,0,0,1,1,0
20210105,False,False,0,0,0,0,0,2,3,0
20210107,False,True,0,0,0,0,0,4,7,0
20210110,False,False,0,0,0,0,0,1,1,0
20210112,False,False,0,0,0,0,0,1,2,0
20210114,False,False,0,0,0,0,0,0,0,0
20210117,True,False,0,0,0,0,0,2,6,0
20210119,True,False,0,0,0,0,0,2,5,0
20210121,True,False,0,0,0,0,0,2,4,0
20210124,False,False,0,0,0,0,0,2,7,0
20210126,True,False,0,0,0,0,0,2,4,0
20210128,False,True,0,0,0,0,0,2,3,0
20210131,False,False,0,0,0,0,0,1,1,0
20210202,True,False,0,0,0,0,1,4,9,0
20210204,True,True,0,0,0,0,0,2,2,0
20210207,True,False,0,0,0,0,0,2,3,0
20210221,True,False,0,0,0,0,0,2,6,0
20210223,False,False,0,0,0,0,0,2,2,0
20210225,False,True,0,0,0,0,0,0,0,0
20210228,True,False,0,0,0,0,1,4,7,0
20210302,False,False,0,0,0,0,0,2,2,0
20210304,False,False,0,0,0,0,0,0,0,0
20210307,False,False,0,0,0,0,0,0,0,0
20210309,True,True,0,0,0,0,0,1,2,0
20210311,True,True,0,0,0,0,1,3,7,0
20210314,True,True,0,0,0,0,0,2,4,0
20210316,True,True,0,0,0,0,0,2,4,0
20210318,False,False,0,0,0,0,0,1,1,0
20210321,False,False,0,0,0,0,0,1,1,0
20210323,True,True,0,0,0,0,0,2,6,0
20210325,False,False,0,0,0,0,0,2,2,0
20210328,False,False,0,0,0,0,0,2,2,0
20210330,False,False,0,0,0,0,0,2,4,0
20210401,False,True,0,0,0,0,0,2,6,0
20210404,False,True,0,0,0,0,0,1,1,0
20210406,False,False,0,0,0,0,0,0,0,0
20210408,False,False,0,0,0,0,0,3,6,0
20210411,False,False,0,0,0,0,0,1,1,0
20210413,True,True,0,0,0,0,0,3,6,0
20210415,True,True,0,0,0,0,0,2,3,0
20210418,True,False,0,0,0,0,1,3,6,0
20210420,False,True,0,0,0,0,0,1,1,0
20210422,True,True,0,0,0,0,0,2,5,0
20210425,True,True,0,0,0,0,0,2,4,0
20210427,False,False,0,0,0,0,1,2,7,0
20210429,False,True,0,0,0,0,0,2,4,0
20210502,False,True,0,0,0,0,0,1,1,0
20210504,True,False,0,0,0,0,1,4,8,0
20210506,False,False,0,0,0,0,0,2,9,0
20210509,False,False,0,0,0,0,0,2,4,0
20210511,True,True,0,0,0,0,0,4,7,0
20210513,True,True,0,0,0,0,1,4,11,0
20210516,False,False,0,0,0,0,0,2,2,0
20210518,False,True,0,0,0,0,0,1,1,0
20210520,False,False,0,0,0,0,0,2,4,0
20210523,True,True,0,0,0,0,0,3,5,0
20210525,True,False,0,0,0,0,0,3,5,0
20210527,False,True,0,0,0,0,0,0,0,0
20210530,False,False,0,0,0,0,1,2,3,0
20210601,False,False,0,0,0,0,0,0,0,0
20210603,False,True,0,0,0,0,0,3,4,0
20210606,False,False,0,0,0,0,0,2,3,0
20210608,True,True,0,0,0,0,1,3,6,0
20210610,True,True,0,0,0,0,0,1,4,0
20210613,True,False,0,0,0,0,0,3,7,0
20210615,True,False,0,0,0,0,0,2,6,0
20210617,False,False,0,0,0,0,0,2,3,0
20210620,False,True,0,0,0,0,0,2,6,0
20210622,False,False,0,0,0,0,0,2,2,0
20210624,False,False,0,0,0,0,0,1,4,0
20210627,False,False,0,0,0,0,0,1,1,0
20210629,True,False,0,0,0,0,0,3,5,0
20210701,False,True,0,0,0,0,0,1,1,0
20210704,True,False,0,0,0,0,0,3,5,0
20210706,True,True,0,0,0,0,0,2,2,0
20210708,False,False,0,0,0,0,0,2,3,0
20210711,False,False,0,0,0,0,0,1,1,0
20210713,False,False,0,0,0,0,0,2,2,0
20210715,True,True,0,0,0,0,0,1,4,0
20210718,False,True,0,0,0,0,0,2,3,0
20210720,False,False,0,0,0,0,0,2,6,0
20210722,True,False,0,0,0,0,1,3,8,0
20210725,False,False,0,0,0,0,0,2,9,0
20210727,False,True,0,0,0,0,0,3,4,0
20210729,False,False,0,0,0,0,0,3,3,0
20210801,False,False,0,0,0,0,0,1,1,0
20210803,False,True,0,0,0,0,0,3,4,0
20210805,True,False,0,0,0,0,0,1,4,0
20210808,True,False,0,0,0,0,0,2,3,0
20210810,False,False,0,0,0,0,0,2,2,0
20210812,True,False,0,0,0,0,0,3,4,0
20210815,False,False,0,0,0,0,0,1,1,0
20210817,False,False,0,0,0,0,0,1,2,0
20210819,False,False,0,0,0,0,1,3,4,0
20210822,False,True,0,0,0,0,0,1,1,0
20210824,False,False,0,0,0,0,0,2,2,0
20210826,True,True,0,0,0,0,0,4,6,0
20210829,False,True,0,0,0,0,0,2,2,0
20210831,True,False,0,0,0,0,0,1,5,0
20210902,True,False,0,0,0,0,1,4,10,0
20210905,False,False,0,0,0,0,0,2,5,0
20210907,True,True,0,0,0,0,0,2,5,0
20210909,True,True,0,0,0,0,1,2,7,0
20210912,False,False,0,0,0,0,0,1,2,0
20210914,False,False,0,0,0,0,0,2,2,0
20210916,False,False,0,0,0,0,0,1,1,0
20210919,False,True,0,0,0,0,0,3,5,0
20210921,False,False,0,0,0,0,0,2,2,0
20210923,False,False,0,0,0,0,0,2,2,0
20210926,False,False,0,0,0,0,0,2,3,0
20210928,True,False,0,0,0,0,0,2,4,0
20210930,False,False,0,0,0,0,0,3,5,0
20211005,False,False,0,0,0,0,0,3,7,0
20211007,True,True,0,0,0,0,1,3,8,0
20211010,True,False,0,0,0,0,0,3,6,0
20211012,False,False,0,0,0,0,0,3,3,0
20211014,False,False,0,0,0,0,0,2,2,0
20211017,True,False,0,0,0,0,0,1,4,0
20211019,True,True,0,0,0,0,0,4,4,0
20211021,False,False,0,0,0,0,0,2,2,0
20211024,True,True,0,0,0,0,0,3,9,0
20211026,True,True,0,0,0,0,0,3,9,0
20211028,False,False,0,0,0,0,0,3,3,0
20211031,False,False,0,0,0,0,0,3,4,0
20211102,False,True,0,0,0,0,1,4,10,0
20211104,False,True,0,0,0,0,0,1,2,0
20211107,False,False,0,0,0,0,0,1,1,0
20211109,True,False,0,0,0,0,0,3,4,0
20211111,False,True,0,0,0,0,0,2,2,0
20211114,False,True,0,0,0,0,0,3,4,0
20211116,False,True,0,0,0,0,0,1,2,0
20211118,True,False,0,0,0,0,1,3,5,0
20211121,False,False,0,0,0,0,0,2,3,0
20211123,False,False,0,0,0,0,0,2,3,0
20211125,False,True,0,0,0,0,0,1,1,0
20211128,True,True,0,0,0,0,0,3,6,0
20211130,True,False,0,0,0,0,1,2,6,0
20211202,True,True,0,0,0,0,0,2,2,0
20211205,True,True,0,0,0,0,0,4,7,0
20211207,True,False,0,0,0,0,0,4,5,0
20211209,True,True,0,0,0,0,0,1,4,0
20211212,False,True,0,0,0,0,0,2,2,0
20211214,False,True,0,0,0,0,0,2,3,0
20211216,False,True,0,0,0,0,0,1,2,0
20211219,True,False,0,0,0,0,0,3,5,0
20211221,True,False,0,0,0,0,0,1,3,0
20211223,False,False,0,0,0,0,0,2,2,0
20211226,True,True,0,0,0,0,0,2,2,0
20211228,False,False,0,0,0,0,0,2,2,0
20211230,True,True,0,0,0,0,0,3,3,0
20220102,False,False,0,0,0,0,0,2,2,0
20220104,False,False,0,0,0,0,0,1,1,0
20220106,True,False,0,0,0,0,0,2,3,0
20220109,True,False,0,0,0,0,0,3,8,0
20220111,False,True,0,0,0,0,0,1,2,0
20220113,False,False,0,0,0,0,0,1,1,0
20220116,False,False,0,0,0,0,0,2,6,0
20220118,False,False,0,0,0,0,0,2,2,0
20220120,True,False,0,0,0,0,0,2,4,0
20220123,True,False,0,0,0,0,0,1,1,0
20220125,True,False,0,0,0,0,0,2,4,0
20220127,True,True,0,0,0,0,1,3,7,0
20220208,True,True,0,0,0,0,0,4,8,0
20220210,True,True,0,0,0,0,1,3,5,0
20220213,False,False,0,0,0,0,0,0,0,0
20220215,True,True,0,0,0,0,0,4,10,0
20220217,False,True,0,0,0,0,0,3,4,0
20220220,False,False,0,0,0,0,0,2,2,0
20220222,False,False,0,0,0,0,0,2,4,0
20220224,False,False,0,0,0,0,0,3,4,0
20220227,False,False,0,0,0,0,0,2,2,0
20220301,False,False,0,0,0,0,0,2,2,0
20220303,True,False,0,0,0,0,1,2,2,0
20220306,True,True,0,0,0,0,1,4,10,0
20220308,True,False,0,0,0,0,1,3,4,0
20220310,True,True,0,0,0,0,0,4,9,0
20220313,True,False,0,0,0,0,0,2,4,0
20220315,False,True,0,0,0,0,0,4,8,0
20220317,False,False,0,0,0,0,0,1,4,0
20220320,True,True,0,0,0,0,0,1,4,0
20220322,False,False,0,0,0,0,0,1,2,0
20220324,False,False,0,0,0,0,0,2,3,0
20220327,False,True,0,0,0,0,0,2,2,0
20220329,False,False,0,0,0,0,0,0,0,0
20220331,False,True,0,0,0,0,0,3,3,0
20220403,True,False,0,0,0,0,0,1,3,0
20220405,False,False,0,0,0,0,0,0,0,0
20220407,True,False,0,0,0,0,0,2,2,0
20220410,False,False,0,0,0,0,0,2,3,0
20220412,False,False,0,0,0,0,0,0,0,0
20220414,False,False,0,0,0,0,0,4,4,0
20220417,False,False,0,0,0,0,0,3,3,0
20220419,False,False,0,0,0,0,0,1,1,0
20220421,True,False,0,0,0,0,0,2,10,0
20220424,True,True,0,0,0,0,0,2,4,0
20220426,False,False,0,0,0,0,0,0,0,0
20220428,True,True,0,0,0,0,0,2,6,0
20220501,False,False,0,0,0,0,0,0,0,0
20220503,True,False,0,0,0,0,0,3,8,0
20220505,False,True,0,0,0,0,0,1,2,0
20220508,False,False,0,0,0,0,0,0,0,0
20220510,False,False,0,0,0,0,0,2,2,0
20220512,False,False,0,0,0,0,0,0,0,0
20220515,True,False,0,0,0,0,0,1,2,0
20220517,True,False,0,0,0,0,1,2,5,0
20220519,False,True,0,0,0,0,1,2,7,0
20220522,False,False,0,0,0,0,0,3,3,0
20220524,False,False,0,0,0,0,0,2,4,0
20220526,False,False,0,0,0,0,0,4,8,0
20220529,False,False,0,0,0,0,0,2,2,0
20220531,False,False,0,0,0,0,0,2,2,0
20220602,False,True,0,0,0,0,0,3,4,0
20220605,False,False,0,0,0,0,0,2,3,0
20220607,False,False,0,0,0,0,0,0,0,0
20220609,False,False,0,0,0,0,0,2,3,0
20220612,False,True,0,0,0,0,0,2,2,0
20220614,True,False,0,0,0,0,0,4,4,0
20220616,True,True,0,0,0,0,1,3,5,0
20220619,False,True,0,0,0,0,0,2,2,0
20220621,True,True,0,0,0,0,0,3,7,0
20220623,True,False,0,0,0,0,0,4,8,0
20220626,True,False,0,0,0,0,0,3,6,0
20220628,True,False,0,0,0,0,0,2,2,0
20220630,False,False,0,0,0,0,0,1,1,0
20220703,True,True,0,0,0,0,0,2,5,0
20220705,False,True,0,0,0,0,0,1,5,0
20220707,False,True,0,0,0,0,0,1,2,0
20220710,False,False,0,0,0,0,0,2,4,0
20220712,False,True,0,0,0,0,0,2,2,0
20220714,True,True,0,0,0,0,0,2,3,0
20220717,True,True,0,0,0,0,1,4,8,0
20220719,True,True,0,0,0,0,0,3,8,0
20220721,True,True,0,0,0,0,0,2,3,0
20220724,True,True,0,0,0,0,1,4,11,0
20220726,True,False,0,0,0,0,0,1,1,0
20220728,True,True,0,0,0,0,0,1,6,0
20220731,True,False,0,0,0,0,1,3,10,0
20220802,True,True,0,0,0,0,0,2,7,0
20220804,False,False,0,0,0,0,0,2,3,0
20220807,True,False,0,0,0,0,0,1,11,0
20220809,False,True,0,0,0,0,0,2,2,0
20220811,False,True,0,0,0,0,0,3,3,0
20220814,True,True,0,0,0,0,0,1,1,0
20220816,True,False,0,0,0,0,0,2,2,0
20220818,False,True,0,0,0,0,0,1,4,0
20220821,False,False,0,0,0,0,0,1,6,0
20220823,True,False,0,0,0,0,0,2,3,0
20220825,False,True,0,0,0,0,0,2,2,0
20220828,True,False,0,0,0,0,0,2,7,0
20220830,False,False,0,0,0,0,0,1,1,0
20220901,False,True,0,0,0,0,0,1,1,0
20220904,True,True,0,0,0,0,0,3,4,0
20220906,False,False,0,0,0,0,0,1,1,0
20220908,False,False,0,0,0,0,0,2,4,0
20220911,False,False,0,0,0,0,0,0,0,0
20220913,False,True,0,0,0,0,0,0,0,0
20220915,False,False,0,0,0,0,0,1,2,0
20220918,False,True,0,0,0,0,0,2,2,0
20220920,True,True,0,0,0,0,0,1,5,0
20220922,False,False,0,0,0,0,0,3,3,0
20220925,False,True,0,0,0,0,0,1,2,0
20220927,False,False,0,0,0,0,0,1,1,0
20220929,True,True,0,0,0,0,1,4,7,0
20221006,True,True,0,0,0,0,0,3,5,0
20221009,False,True,0,0,0,0,0,3,5,0
20221011,False,True,0,0,0,0,0,2,5,0
20221013,False,True,0,0,0,0,0,2,5,0
20221016,False,True,0,0,0,0,0,1,1,0
20221018,True,False,0,0,0,0,0,3,5,0
20221020,True,True,0,0,0,0,1,5,10,0
20221023,False,False,0,0,0,0,0,1,1,0
20221025,True,True,0,0,0,0,1,2,8,0
20221027,False,True,0,0,0,0,0,0,0,0
20221030,False,False,0,0,0,0,0,1,3,0
20221101,False,False,0,0,0,0,1,2,2,0
20221103,False,False,0,0,0,0,0,3,3,0
20221106,True,False,0,0,0,0,0,3,8,0
20221108,False,True,0,0,0,0,0,3,4,0
20221110,True,True,0,0,0,0,0,3,5,0
20221113,False,True,0,0,0,0,0,3,4,0
20221115,True,True,0,0,0,0,0,3,9,0
20221117,False,False,0,0,0,0,0,1,1,0
20221120,False,False,0,0,0,0,0,3,5,0
20221122,False,False,0,0,0,0,0,3,4,0
20221124,True,False,0,0,0,0,1,4,8,0
20221127,True,True,0,0,0,0,0,3,7,0
20221129,False,False,0,0,0,0,0,1,2,0
20221201,True,True,0,0,0,0,0,3,4,0
20221204,False,False,0,0,0,0,0,1,3,0
20221206,False,False,0,0,0,0,0,2,2,0
20221208,False,True,0,0,0,0,0,1,1,0
20221211,False,False,0,0,0,0,0,3,6,0
20221213,False,True,0,0,0,0,0,1,1,0
20221215,False,False,0,0,0,0,0,0,0,0
20221218,False,False,0,0,0,0,0,1,2,0
20221220,True,True,0,0,0,0,0,2,3,0
20221222,True,True,0,0,0,0,0,3,4,0
20221225,True,True,0,0,0,0,0,1,1,0
20221227,False,False,0,0,0,0,0,1,1,0
20221229,False,True,0,0,0,0,0,2,3,0
20230101,False,False,0,0,0,0,0,1,1,0
20230103,False,False,0,0,0,0,0,1,1,0
20230105,False,True,0,0,0,0,0,3,4,0
20230108,False,False,0,0,0,0,0,2,3,0
20230110,False,False,0,0,0,0,0,1,1,0
20230112,False,False,0,0,0,0,0,3,4,0
20230115,True,False,0,0,0,0,0,3,4,0
20230117,False,False,0,0,0,0,0,0,0,0
20230129,True,True,0,0,0,0,1,3,12,0
20230131,True,True,0,0,0,0,0,3,4,0
20230202,False,False,0,0,0,0,0,1,1,0
20230205,True,True,0,0,0,0,0,3,5,0
20230207,True,False,0,0,0,0,0,4,7,0
20230209,False,False,0,0,0,0,0,1,1,0
20230212,False,False,0,0,0,0,0,3,6,0
20230214,True,True,0,0,0,0,1,3,10,0
20230216,False,True,0,0,0,0,0,1,2,0
20230219,False,False,0,0,0,0,0,1,1,0
20230221,False,False,0,0,0,0,0,0,0,0
20230223,False,False,0,0,0,0,0,2,2,0
20230226,False,False,0,0,0,0,0,2,2,0
20230228,True,False,0,0,0,0,0,2,3,0
20230302,True,True,0,0,0,0,0,2,5,0
20230305,False,False,0,0,0,0,0,1,2,0
20230307,False,False,0,0,0,0,0,1,4,0
20230309,False,False,0,0,0,0,0,0,0,0
20230312,False,False,0,0,0,0,0,1,3,0
20230314,False,False,0,0,0,0,0,1,1,0
20230316,False,False,0,0,0,0,0,3,3,0
20230319,False,False,0,0,0,0,0,1,1,0
20230321,False,False,0,0,0,0,0,2,4,0
20230323,False,True,0,0,0,0,0,2,3,0
20230326,True,True,0,0,0,0,0,3,4,0
20230328,False,False,0,0,0,0,0,1,2,0
20230330,False,True,0,0,0,0,1,2,9,0
20230402,True,True,0,0,0,0,0,3,4,0
20230404,False,True,0,0,0,0,0,1,7,0
20230406,True,False,0,0,0,0,0,3,5,0
20230409,True,True,0,0,0,0,0,2,6,0
20230411,True,True,0,0,0,0,1,3,5,0
20230413,False,False,0,0,0,0,0,3,3,0
20230416,False,False,0,0,0,0,0,2,2,0
20230418,True,True,0,0,0,0,0,2,2,0
20230420,False,False,0,0,0,0,0,1,3,0
20230423,False,False,0,0,0,0,0,0,0,0
20230425,True,False,0,0,0,0,0,1,2,0
20230427,False,False,0,0,0,0,0,2,5,0
20230430,True,False,0,0,0,0,0,2,2,0
20230502,True,False,0,0,0,0,1,4,9,0
20230504,True,False,0,0,0,0,0,3,4,0
20230507,False,False,0,0,0,0,0,0,0,0
20230509,True,True,0,0,0,0,1,4,11,0
20230511,True,False,0,0,0,0,0,1,2,0
20230514,True,False,0,0,0,0,0,3,4,0
20230516,True,False,0,0,0,0,0,2,5,0
20230518,False,True,0,0,0,0,0,3,3,0
20230521,False,False,0,0,0,0,0,3,5,0
20230523,False,False,0,0,0,0,0,1,3,0
20230525,False,False,0,0,0,0,0,2,2,0
20230528,True,False,0,0,0,0,0,3,5,0
20230530,False,False,0,0,0,0,1,3,8,0
20230601,True,True,0,0,0,0,0,3,3,0
20230604,False,True,0,0,0,0,0,1,2,0
20230606,False,False,0,0,0,0,0,2,2,0
20230608,False,False,0,0,0,0,0,1,2,0
20230611,False,False,0,0,0,0,0,1,1,0
20230613,False,False,0,0,0,0,0,1,1,0
20230615,False,False,0,0,0,0,0,2,3,0
20230618,False,True,0,0,0,0,0,3,5,0
20230620,False,True,0,0,0,0,0,2,2,0
20230622,False,True,0,0,0,0,0,3,6,0
20230625,False,False,0,0,0,0,0,2,3,0
20230627,False,False,0,0,0,0,0,1,1,0
20230629,False,False,0,0,0,0,0,1,1,0
20230702,True,True,0,0,0,0,0,1,1,0
20230704,True,False,0,0,0,0,1,4,15,0
20230706,False,True,0,0,0,0,0,2,2,0
20230709,False,True,0,0,0,0,0,1,1,0
20230711,False,True,0,0,0,0,0,2,5,0
20230713,False,False,0,0,0,0,0,2,4,0
20230716,False,False,0,0,0,0,0,2,2,0
20230718,True,True,0,0,0,0,0,3,9,0
20230720,False,False,0,0,0,0,0,1,1,0
20230723,False,False,0,0,0,0,0,1,2,0
20230725,False,False,0,0,0,0,0,1,1,0
20230727,False,False,0,0,0,0,0,3,4,0
20230730,False,False,0,0,0,0,0,2,3,0
20230801,False,False,0,0,0,0,0,0,0,0
20230803,True,True,0,0,0,0,0,1,1,0
20230806,False,False,0,0,0,0,0,1,2,0
20230808,False,False,0,0,0,0,0,1,1,0
20230810,False,False,0,0,0,0,0,2,3,0
20230813,False,True,0,0,0,0,0,0,0,0
20230815,False,True,0,0,0,0,0,1,2,0
20230817,False,False,0,0,0,0,0,2,3,0
20230820,False,False,0,0,0,0,0,2,2,0
20230822,True,False,0,0,0,0,1,4,8,0
20230824,True,True,0,0,0,0,0,4,5,0
20230827,False,False,0,0,0,0,0,3,6,0
20230829,False,True,0,0,0,0,0,3,4,0
20230831,True,False,0,0,0,0,0,1,3,0
20230903,True,False,0,0,0,0,0,1,2,0
20230905,True,True,0,0,0,0,0,3,8,0
20230907,True,True,0,0,0,0,0,2,3,0
20230910,False,False,0,0,0,0,0,1,1,0
20230912,False,True,0,0,0,0,0,2,2,0
20230914,False,True,0,0,0,0,0,2,2,0
20230917,True,False,0,0,0,0,0,4,4,0
20230919,False,False,0,0,0,0,0,2,2,0
20230921,False,False,0,0,0,0,0,2,3,0
20230924,False,False,0,0,0,0,0,1,1,0
20230926,False,True,0,0,0,0,0,3,6,0
20230928,True,True,0,0,0,0,0,1,1,0
20231005,True,True,0,0,0,0,0,2,4,0
20231008,False,False,0,0,0,0,0,0,0,0
20231010,False,True,0,0,0,0,0,3,4,0
20231012,True,False,0,0,0,0,0,3,3,0
20231015,False,True,0,0,0,0,0,2,4,0
20231017,False,True,0,0,0,0,0,4,6,0
20231019,True,True,0,0,0,0,1,4,8,0
20231022,False,False,0,0,0,0,0,2,2,0
20231024,True,True,0,0,0,0,0,1,3,0
20231026,False,True,0,0,0,0,0,0,0,0
20231029,True,True,0,0,0,0,0,4,5,0
20231031,False,False,0,0,0,0,0,2,2,0
20231102,False,True,0,0,0,0,0,1,2,0
20231105,True,False,0,0,0,0,0,3,7,0
20231107,False,False,0,0,0,0,0,1,2,0
20231109,False,False,0,0,0,0,0,1,2,0
20231112,False,False,0,0,0,0,0,2,3,0
20231114,True,True,0,0,0,0,0,3,3,0
20231116,False,True,0,0,0,0,0,1,1,0
20231119,True,True,0,0,0,0,1,2,5,0
20231121,False,False,0,0,0,0,0,3,5,0
20231123,False,False,0,0,0,0,0,1,2,0
20231126,False,False,0,0,0,0,0,1,1,0
20231128,False,True,0,0,0,0,0,2,5,0
20231130,False,False,0,0,0,0,0,2,2,0
20231203,False,False,0,0,0,0,0,1,1,0
20231205,True,True,0,0,0,0,0,2,5,0
20231207,False,False,0,0,0,0,0,2,3,0
20231210,False,False,0,0,0,0,0,1,1,0
20231212,True,True,0,0,0,0,0,3,5,0
20231214,False,False,0,0,0,0,0,1,1,0
20231217,True,True,0,0,0,0,0,3,4,0
20231219,False,False,0,0,0,0,1,3,7,0
20231221,False,False,0,0,0,0,0,2,8,0
20231224,False,True,0,0,0,0,0,2,2,0
20231226,False,False,0,0,0,0,0,1,1,0
20231228,False,False,0,0,0,0,0,1,2,0
20231231,False,False,0,0,0,0,0,0,0,0
20240102,False,False,0,0,0,0,0,1,1,0
20240104,True,True,0,0,0,0,0,3,5,0
20240107,False,False,0,0,0,0,0,0,0,0
20240109,False,True,0,0,0,0,0,1,1,0
20240111,True,False,0,0,0,0,0,3,8,0
20240114,False,False,0,0,0,0,0,2,2,0
20240116,True,True,0,0,0,0,1,3,7,0
20240118,True,True,0,0,0,0,0,1,2,0
20240121,True,False,0,0,0,0,0,1,7,0
20240123,False,True,0,0,0,0,0,1,1,0
20240125,False,False,0,0,0,0,0,3,4,0
20240128,False,False,0,0,0,0,0,2,2,0
20240130,False,False,0,0,0,0,0,1,2,0
20240201,True,True,0,0,0,0,0,2,2,0
20240204,False,True,0,0,0,0,0,3,4,0
20240206,False,False,0,0,0,0,0,0,0,0
20240218,True,True,0,0,0,0,0,2,7,0
20240220,False,True,0,0,0,0,0,1,4,0
20240222,False,False,0,0,0,0,0,1,6,0
20240225,False,True,0,0,0,0,0,2,2,0
20240227,True,False,0,0,0,0,0,4,5,0
20240229,True,False,0,0,0,0,0,3,3,0
20240303,False,False,0,0,0,0,0,1,2,0
20240305,False,True,0,0,0,0,0,0,0,0
20240307,False,False,0,0,0,0,0,0,0,0
20240310,False,True,0,0,0,0,0,1,2,0
20240312,False,False,0,0,0,0,0,1,1,0
20240314,False,True,0,0,0,0,0,4,4,0
20240317,False,True,0,0,0,0,0,2,2,0
20240319,False,False,0,0,0,0,0,1,2,0
20240321,False,True,0,0,0,0,1,2,3,0
20240324,True,True,0,0,0,0,0,2,12,0
20240326,False,False,0,0,0,0,0,2,3,0
20240328,False,False,0,0,0,0,0,3,7,0
20240331,False,False,0,0,0,0,0,2,5,0
20240402,True,False,0,0,0,0,0,2,3,0
20240404,False,True,0,0,0,0,0,1,1,0
20240407,False,False,0,0,0,0,0,3,5,0
20240409,True,False,0,0,0,0,0,2,3,0
20240411,True,True,0,0,0,0,0,2,6,0
20240414,False,False,0,0,0,0,0,1,3,0
20240416,True,False,0,0,0,0,0,2,9,0
20240418,True,True,0,0,0,0,0,4,5,0
20240421,False,False,0,0,0,0,0,2,3,0
20240423,False,True,0,0,0,0,0,2,5,0
20240425,True,False,0,0,0,0,0,3,5,0
20240428,False,False,0,0,0,0,0,2,2,0
20240430,False,False,0,0,0,0,0,4,8,0
20240502,False,False,0,0,0,0,0,1,2,0
20240505,False,False,0,0,0,0,0,1,1,0
20240507,True,True,0,0,0,0,0,4,6,0
20240509,False,True,0,0,0,0,0,1,1,0
20240512,True,False,0,0,0,0,0,2,5,0
20240514,False,False,0,0,0,0,0,1,1,0
20240516,False,True,0,0,0,0,0,2,7,0
20240519,True,True,0,0,0,0,0,4,7,0
20240521,True,False,0,0,0,0,1,4,7,0
20240523,True,True,0,0,0,0,0,4,6,0
20240526,False,False,0,0,0,0,0,1,2,0
20240528,False,False,0,0,0,0,0,0,0,0
20240530,True,True,0,0,0,0,0,4,4,0
20240602,False,False,0,0,0,0,0,0,0,0
20240604,True,False,0,0,0,0,0,4,5,0
20240606,True,True,0,0,0,0,0,4,9,0
20240609,True,True,0,0,0,0,0,2,6,0
20240611,False,True,0,0,0,0,0,3,3,0
20240613,False,False,0,0,0,0,0,1,2,0
20240616,True,True,0,0,0,0,0,2,3,0
20240618,False,True,0,0,0,0,0,2,2,0
20240620,True,False,0,0,0,0,0,3,5,0
20240623,False,False,0,0,0,0,0,2,3,0
20240625,True,False,0,0,0,0,0,2,2,0
20240627,False,True,0,0,0,0,0,2,2,0
20240630,False,True,0,0,0,0,0,2,4,0
20240702,True,False,0,0,0,0,0,2,6,0
20240704,True,False,0,0,0,0,0,4,7,0
20240707,True,False,0,0,0,0,0,1,10,0
20240709,True,False,0,0,0,0,0,4,9,0
20240711,False,False,0,0,0,0,0,2,3,0
20240714,True,False,0,0,0,0,0,4,5,0
20240716,False,False,0,0,0,0,0,3,3,0
20240718,True,True,0,0,0,0,0,3,4,0
20240721,False,False,0,0,0,0,1,2,8,0
20240723,False,False,0,0,0,0,0,1,5,0
20240725,False,False,0,0,0,0,0,2,2,0
20240728,True,True,0,0,0,0,0,4,5,0
20240730,True,False,0,0,0,0,0,4,8,0
20240801,False,False,0,0,0,0,0,2,2,0
20240804,False,False,0,0,0,0,0,2,8,0
20240806,False,False,0,0,0,0,0,1,2,0
20240808,False,False,0,0,0,0,0,2,2,0
20240811,True,False,0,0,0,0,0,3,6,0
20240813,True,False,0,0,0,0,0,1,2,0
20240815,False,False,0,0,0,0,0,1,1,0
20240818,False,True,0,0,0,0,1,3,6,0
20240820,False,False,0,0,0,0,1,3,5,0
20240822,True,False,0,0,0,0,1,3,5,0
20240825,False,True,0,0,0,0,0,3,3,0
20240827,False,True,0,0,0,0,0,3,6,0
20240829,False,False,0,0,0,0,0,2,4,0
20240901,False,False,0,0,0,0,0,2,3,0
20240903,False,False,0,0,0,0,0,0,0,0
